date,datetime,cash_type,card,money,coffee_name,,,,
01-03-2024,10:15:51,card,ANON-0000-0000-0001,38.7,Latte,,,,
01-03-2024,12:19:23,card,ANON-0000-0000-0002,38.7,Hot Chocolate,,,,
01-03-2024,12:20:18,card,ANON-0000-0000-0002,38.7,Hot Chocolate,,,,
01-03-2024,13:46:33,card,ANON-0000-0000-0003,28.9,Americano,,,,
01-03-2024,13:48:15,card,ANON-0000-0000-0004,38.7,Latte,,,,
01-03-2024,15:39:48,card,ANON-0000-0000-0005,33.8,Americano with Milk,,,,
01-03-2024,16:19:03,card,ANON-0000-0000-0006,38.7,Hot Chocolate,,,,
01-03-2024,18:39:04,card,ANON-0000-0000-0007,33.8,Americano with Milk,,,, 
01-03-2024,19:22:02,card,ANON-0000-0000-0008,38.7,Cocoa,,,,
01-03-2024,19:23:16,card,ANON-0000-0000-0008,33.8,Americano with Milk,,,,
01-03-2024,19:29:17,card,ANON-0000-0000-0009,33.8,Americano with Milk,,,,
02-03-2024,10:22:07,card,ANON-0000-0000-0010,28.9,Americano,,,,
02-03-2024,10:30:36,cash,,40,Latte,,,,
02-03-2024,10:41:41,card,ANON-0000-0000-0011,33.8,Americano with Milk,,,,
02-03-2024,11:59:45,card,ANON-0000-0000-0012,33.8,Americano with Milk,,,,
02-03-2024,14:38:36,card,ANON-0000-0000-0013,28.9,Americano,,,,
02-03-2024,16:37:24,card,ANON-0000-0000-0014,33.8,Americano with Milk,,,,
02-03-2024,17:34:55,card,ANON-0000-0000-0004,28.9,Americano,,,,
03-03-2024,10:10:44,cash,,40,Latte,,,,
03-03-2024,10:27:19,card,ANON-0000-0000-0015,38.7,Latte,,,,
03-03-2024,11:33:56,card,ANON-0000-0000-0016,28.9,Cortado,,,,
03-03-2024,12:26:56,card,ANON-0000-0000-0012,28.9,Americano,,,,
03-03-2024,13:09:36,card,ANON-0000-0000-0017,38.7,Hot Chocolate,,,,
03-03-2024,17:06:40,card,ANON-0000-0000-0018,38.7,Cocoa,,,,
03-03-2024,17:08:46,card,ANON-0000-0000-0019,28.9,Cortado,,,,
03-03-2024,18:03:23,card,ANON-0000-0000-0020,33.8,Americano with Milk,,,,
03-03-2024,18:04:28,card,ANON-0000-0000-0020,33.8,Americano with Milk,,,,
03-03-2024,18:08:05,card,ANON-0000-0000-0020,38.7,Hot Chocolate,,,,
04-03-2024,10:03:52,card,ANON-0000-0000-0001,38.7,Latte,,,,
04-03-2024,10:54:51,card,ANON-0000-0000-0021,38.7,Latte,,,,
04-03-2024,11:05:16,card,ANON-0000-0000-0012,33.8,Americano with Milk,,,,
04-03-2024,14:04:38,card,ANON-0000-0000-0022,24,Espresso,,,,
05-03-2024,09:59:53,card,ANON-0000-0000-0001,38.7,Latte,,,,
05-03-2024,14:34:56,card,ANON-0000-0000-0023,38.7,Latte,,,,
05-03-2024,17:34:06,card,ANON-0000-0000-0024,38.7,Latte,,,,
05-03-2024,17:35:25,card,ANON-0000-0000-0025,38.7,Hot Chocolate,,,,
05-03-2024,17:36:29,card,ANON-0000-0000-0026,38.7,Cocoa,,,,
05-03-2024,17:37:14,card,ANON-0000-0000-0027,38.7,Hot Chocolate,,,,
05-03-2024,17:38:09,card,ANON-0000-0000-0009,38.7,Hot Chocolate,,,,
05-03-2024,17:56:16,card,ANON-0000-0000-0028,28.9,Cortado,,,,
05-03-2024,18:01:31,card,ANON-0000-0000-0028,38.7,Hot Chocolate,,,,
06-03-2024,12:30:27,cash,,35,Americano with Milk,,,,
06-03-2024,13:24:08,card,ANON-0000-0000-0012,28.9,Americano,,,,
06-03-2024,13:25:14,card,ANON-0000-0000-0012,28.9,Cortado,,,,
06-03-2024,14:52:02,card,ANON-0000-0000-0029,38.7,Cappuccino,,,,
06-03-2024,14:53:18,card,ANON-0000-0000-0029,38.7,Cappuccino,,,,
07-03-2024,10:08:59,cash,,40,Latte,,,,
07-03-2024,10:18:41,card,ANON-0000-0000-0030,38.7,Hot Chocolate,,,,
07-03-2024,11:03:59,card,ANON-0000-0000-0031,38.7,Latte,,,,
07-03-2024,11:25:44,cash,,40,Latte,,,,
07-03-2024,15:40:23,card,ANON-0000-0000-0032,28.9,Americano,,,,
07-03-2024,15:41:29,card,ANON-0000-0000-0033,33.8,Americano with Milk,,,,
08-03-2024,10:34:41,card,ANON-0000-0000-0012,28.9,Cortado,,,,
08-03-2024,12:22:29,card,ANON-0000-0000-0034,38.7,Cappuccino,,,,
08-03-2024,13:53:02,card,ANON-0000-0000-0035,28.9,Americano,,,,
08-03-2024,14:44:13,card,ANON-0000-0000-0012,28.9,Americano,,,,
08-03-2024,14:45:11,card,ANON-0000-0000-0033,28.9,Americano,,,,
08-03-2024,14:46:11,card,ANON-0000-0000-0012,33.8,Americano with Milk,,,,
08-03-2024,18:57:51,card,ANON-0000-0000-0036,38.7,Latte,,,,
08-03-2024,18:59:25,card,ANON-0000-0000-0037,38.7,Latte,,,,
09-03-2024,11:49:37,cash,,40,Hot Chocolate,,,,
09-03-2024,12:05:16,card,ANON-0000-0000-0038,24,Espresso,,,,
09-03-2024,12:07:38,card,ANON-0000-0000-0039,28.9,Americano,,,,
09-03-2024,12:09:48,card,ANON-0000-0000-0012,38.7,Cappuccino,,,,
09-03-2024,12:13:04,card,ANON-0000-0000-0040,28.9,Americano,,,,
09-03-2024,12:14:26,card,ANON-0000-0000-0040,28.9,Americano,,,,
09-03-2024,13:09:22,card,ANON-0000-0000-0041,38.7,Latte,,,,
09-03-2024,13:41:06,card,ANON-0000-0000-0042,33.8,Americano with Milk,,,,
09-03-2024,13:53:10,card,ANON-0000-0000-0043,28.9,Cortado,,,,
09-03-2024,13:54:37,card,ANON-0000-0000-0043,38.7,Cappuccino,,,,
09-03-2024,14:08:02,card,ANON-0000-0000-0009,33.8,Americano with Milk,,,,
09-03-2024,14:26:53,card,ANON-0000-0000-0044,38.7,Hot Chocolate,,,,
09-03-2024,19:17:58,card,ANON-0000-0000-0009,38.7,Cappuccino,,,,
09-03-2024,19:19:10,card,ANON-0000-0000-0009,38.7,Hot Chocolate,,,,
10-03-2024,07:44:19,cash,,30,Americano,,,,
10-03-2024,07:45:29,cash,,35,Americano with Milk,,,,
10-03-2024,10:06:03,cash,,40,Latte,,,,
10-03-2024,11:19:21,card,ANON-0000-0000-0045,24,Espresso,,,,
10-03-2024,17:51:03,cash,,35,Americano with Milk,,,,
10-03-2024,19:34:00,card,ANON-0000-0000-0046,38.7,Latte,,,,
10-03-2024,19:35:55,card,ANON-0000-0000-0046,28.9,Cortado,,,,
11-03-2024,10:18:47,cash,,40,Latte,,,,
11-03-2024,11:24:15,cash,,40,Cappuccino,,,,
11-03-2024,11:24:52,cash,,30,Cortado,,,,
11-03-2024,11:26:44,cash,,30,Americano,,,,
11-03-2024,11:32:59,card,ANON-0000-0000-0035,38.7,Cappuccino,,,,
11-03-2024,16:24:26,card,ANON-0000-0000-0047,28.9,Americano,,,,
11-03-2024,16:25:46,card,ANON-0000-0000-0047,38.7,Latte,,,,
11-03-2024,16:50:50,card,ANON-0000-0000-0048,28.9,Cortado,,,,
12-03-2024,10:15:00,cash,,40,Latte,,,,
12-03-2024,10:15:35,card,ANON-0000-0000-0033,28.9,Americano,,,,
12-03-2024,10:16:25,card,ANON-0000-0000-0033,28.9,Cortado,,,,
12-03-2024,11:20:46,card,ANON-0000-0000-0049,38.7,Hot Chocolate,,,,
12-03-2024,12:46:23,card,ANON-0000-0000-0004,33.8,Americano with Milk,,,,
12-03-2024,12:47:26,card,ANON-0000-0000-0004,28.9,Americano,,,,
12-03-2024,16:15:43,card,ANON-0000-0000-0050,28.9,Americano,,,,
13-03-2024,11:06:43,card,ANON-0000-0000-0048,38.7,Hot Chocolate,,,,
13-03-2024,11:48:17,card,ANON-0000-0000-0004,28.9,Americano,,,,
13-03-2024,12:18:06,card,ANON-0000-0000-0051,28.9,Americano,,,,
13-03-2024,12:19:05,card,ANON-0000-0000-0051,28.9,Americano,,,,
13-03-2024,12:34:30,cash,,25,Espresso,,,,
13-03-2024,14:26:41,card,ANON-0000-0000-0052,33.8,Americano with Milk,,,,
13-03-2024,15:40:22,card,ANON-0000-0000-0053,24,Espresso,,,,
13-03-2024,15:41:20,card,ANON-0000-0000-0053,24,Espresso,,,,
13-03-2024,16:47:09,card,ANON-0000-0000-0054,24,Espresso,,,,
14-03-2024,10:02:12,cash,,40,Latte,,,,
14-03-2024,10:28:33,card,ANON-0000-0000-0055,38.7,Latte,,,,
14-03-2024,10:29:34,card,ANON-0000-0000-0055,38.7,Hot Chocolate,,,,
14-03-2024,13:27:30,card,ANON-0000-0000-0012,28.9,Cortado,,,,
14-03-2024,13:28:25,card,ANON-0000-0000-0012,28.9,Americano,,,,
14-03-2024,13:52:00,card,ANON-0000-0000-0056,33.8,Americano with Milk,,,,
14-03-2024,13:52:56,card,ANON-0000-0000-0057,24,Espresso,,,,
14-03-2024,15:20:38,card,ANON-0000-0000-0058,38.7,Latte,,,,
14-03-2024,16:04:10,card,ANON-0000-0000-0059,33.8,Americano with Milk,,,,
14-03-2024,16:54:38,card,ANON-0000-0000-0050,24,Espresso,,,,
14-03-2024,18:58:56,card,ANON-0000-0000-0019,38.7,Hot Chocolate,,,,
14-03-2024,19:00:09,card,ANON-0000-0000-0012,28.9,Cortado,,,,
15-03-2024,10:02:17,cash,,40,Latte,,,,
15-03-2024,10:53:02,card,ANON-0000-0000-0060,38.7,Hot Chocolate,,,,
15-03-2024,18:19:28,card,ANON-0000-0000-0012,28.9,Americano,,,,
16-03-2024,12:06:55,card,ANON-0000-0000-0061,33.8,Americano with Milk,,,,
16-03-2024,12:07:54,card,ANON-0000-0000-0061,28.9,Americano,,,,
16-03-2024,15:58:18,card,ANON-0000-0000-0009,28.9,Cortado,,,,
16-03-2024,16:03:22,card,ANON-0000-0000-0009,28.9,Cortado,,,,
16-03-2024,16:04:11,card,ANON-0000-0000-0012,28.9,Cortado,,,,
16-03-2024,17:58:07,card,ANON-0000-0000-0062,33.8,Americano with Milk,,,,
17-03-2024,10:10:21,cash,,40,Latte,,,,
17-03-2024,12:55:26,card,ANON-0000-0000-0063,28.9,Cortado,,,,
18-03-2024,11:18:00,card,ANON-0000-0000-0064,28.9,Cortado,,,,
18-03-2024,15:31:40,card,ANON-0000-0000-0003,28.9,Americano,,,,
18-03-2024,15:32:38,card,ANON-0000-0000-0003,28.9,Americano,,,,
18-03-2024,15:33:37,card,ANON-0000-0000-0003,28.9,Americano,,,,
19-03-2024,10:20:26,cash,,30,Cortado,,,,
19-03-2024,14:02:22,card,ANON-0000-0000-0065,38.7,Latte,,,,
19-03-2024,14:03:20,card,ANON-0000-0000-0065,38.7,Latte,,,,
19-03-2024,15:04:36,card,ANON-0000-0000-0049,38.7,Hot Chocolate,,,,
19-03-2024,16:53:49,card,ANON-0000-0000-0066,33.8,Americano with Milk,,,,
19-03-2024,19:26:33,cash,,40,Hot Chocolate,,,,
20-03-2024,11:41:16,card,ANON-0000-0000-0012,28.9,Cortado,,,,
20-03-2024,12:21:08,cash,,40,Latte,,,,
20-03-2024,12:30:49,card,ANON-0000-0000-0049,28.9,Cortado,,,,
20-03-2024,13:16:47,card,ANON-0000-0000-0067,38.7,Cappuccino,,,,
20-03-2024,16:42:38,card,ANON-0000-0000-0050,38.7,Cocoa,,,,
20-03-2024,17:50:29,card,ANON-0000-0000-0068,38.7,Latte,,,,
21-03-2024,10:18:57,cash,,40,Cappuccino,,,,
21-03-2024,12:25:09,card,ANON-0000-0000-0012,28.9,Cortado,,,,
21-03-2024,12:26:17,card,ANON-0000-0000-0012,38.7,Cappuccino,,,,
21-03-2024,17:21:01,cash,,30,Americano,,,,
21-03-2024,17:22:01,card,ANON-0000-0000-0012,28.9,Cortado,,,,
21-03-2024,19:20:37,card,ANON-0000-0000-0069,38.7,Latte,,,,
22-03-2024,10:35:54,card,ANON-0000-0000-0070,33.8,Americano with Milk,,,,
22-03-2024,13:29:20,card,ANON-0000-0000-0071,33.8,Americano with Milk,,,,
22-03-2024,16:15:14,cash,,40,Cappuccino,,,,
22-03-2024,17:17:04,card,ANON-0000-0000-0012,28.9,Americano,,,,
22-03-2024,17:17:59,card,ANON-0000-0000-0012,24,Espresso,,,,
22-03-2024,17:20:49,card,ANON-0000-0000-0050,28.9,Americano,,,,
23-03-2024,10:44:00,card,ANON-0000-0000-0072,38.7,Latte,,,,
23-03-2024,10:45:07,card,ANON-0000-0000-0073,33.8,Americano with Milk,,,,
23-03-2024,13:10:08,card,ANON-0000-0000-0074,38.7,Cappuccino,,,,
23-03-2024,13:11:12,card,ANON-0000-0000-0074,38.7,Cocoa,,,,
23-03-2024,14:44:41,card,ANON-0000-0000-0075,33.8,Americano with Milk,,,,
23-03-2024,15:47:19,card,ANON-0000-0000-0076,38.7,Latte,,,,
23-03-2024,15:49:34,card,ANON-0000-0000-0076,33.8,Americano with Milk,,,,
23-03-2024,16:00:58,card,ANON-0000-0000-0009,28.9,Cortado,,,,
24-03-2024,10:03:56,cash,,40,Latte,,,,
24-03-2024,18:45:08,card,ANON-0000-0000-0077,38.7,Latte,,,,
25-03-2024,10:31:47,card,ANON-0000-0000-0009,38.7,Latte,,,,
25-03-2024,11:16:26,cash,,35,Americano with Milk,,,,
25-03-2024,14:27:09,card,ANON-0000-0000-0078,38.7,Latte,,,,
25-03-2024,14:29:25,card,ANON-0000-0000-0017,38.7,Latte,,,,
25-03-2024,18:37:31,card,ANON-0000-0000-0024,33.8,Americano with Milk,,,,
25-03-2024,19:34:25,card,ANON-0000-0000-0079,38.7,Cappuccino,,,,
26-03-2024,10:35:50,card,ANON-0000-0000-0055,38.7,Cocoa,,,,
26-03-2024,10:36:36,card,ANON-0000-0000-0055,38.7,Latte,,,,
26-03-2024,10:42:30,card,ANON-0000-0000-0080,38.7,Latte,,,,
26-03-2024,11:11:47,card,ANON-0000-0000-0009,28.9,Cortado,,,,
26-03-2024,13:35:53,card,ANON-0000-0000-0003,28.9,Americano,,,,
26-03-2024,13:36:50,card,ANON-0000-0000-0032,28.9,Cortado,,,,
26-03-2024,13:38:00,card,ANON-0000-0000-0059,28.9,Cortado,,,,
26-03-2024,13:57:54,card,ANON-0000-0000-0050,28.9,Americano,,,,
26-03-2024,15:48:02,card,ANON-0000-0000-0081,38.7,Latte,,,,
26-03-2024,18:33:39,card,ANON-0000-0000-0024,38.7,Latte,,,,
26-03-2024,18:34:55,card,ANON-0000-0000-0009,38.7,Hot Chocolate,,,,
27-03-2024,11:04:51,card,ANON-0000-0000-0003,28.9,Cortado,,,,
27-03-2024,11:05:58,card,ANON-0000-0000-0003,33.8,Americano with Milk,,,,
27-03-2024,12:57:00,card,ANON-0000-0000-0082,33.8,Americano with Milk,,,,
27-03-2024,13:35:20,card,ANON-0000-0000-0083,38.7,Hot Chocolate,,,,
27-03-2024,14:22:32,card,ANON-0000-0000-0012,38.7,Cappuccino,,,,
27-03-2024,14:23:35,card,ANON-0000-0000-0012,28.9,Americano,,,,
27-03-2024,18:30:12,card,ANON-0000-0000-0084,28.9,Cortado,,,,
27-03-2024,19:31:12,cash,,40,Latte,,,,
28-03-2024,14:24:47,card,ANON-0000-0000-0085,28.9,Cortado,,,,
28-03-2024,17:24:46,card,ANON-0000-0000-0012,28.9,Cortado,,,,
28-03-2024,17:27:05,card,ANON-0000-0000-0012,28.9,Americano,,,,
28-03-2024,17:32:45,card,ANON-0000-0000-0086,38.7,Latte,,,,
29-03-2024,10:56:19,card,ANON-0000-0000-0087,38.7,Latte,,,,
29-03-2024,12:34:17,card,ANON-0000-0000-0088,38.7,Cappuccino,,,,
29-03-2024,12:41:32,card,ANON-0000-0000-0088,38.7,Cappuccino,,,,
29-03-2024,13:22:45,cash,,40,Cappuccino,,,,
30-03-2024,11:59:20,card,ANON-0000-0000-0069,38.7,Latte,,,,
30-03-2024,13:49:26,cash,,40,Cappuccino,,,,
30-03-2024,16:12:32,card,ANON-0000-0000-0017,38.7,Latte,,,,
30-03-2024,16:36:41,card,ANON-0000-0000-0009,38.7,Latte,,,,
30-03-2024,16:37:58,card,ANON-0000-0000-0009,33.8,Americano with Milk,,,,
31-03-2024,10:40:05,card,ANON-0000-0000-0089,38.7,Cappuccino,,,,
31-03-2024,19:36:45,cash,,30,Americano,,,,
01-04-2024,10:28:48,card,ANON-0000-0000-0004,28.9,Americano,,,,
01-04-2024,10:29:42,card,ANON-0000-0000-0004,33.8,Americano with Milk,,,,
01-04-2024,10:30:44,card,ANON-0000-0000-0004,33.8,Americano with Milk,,,,
01-04-2024,11:15:44,card,ANON-0000-0000-0009,33.8,Americano with Milk,,,,
01-04-2024,17:01:43,cash,,40,Cappuccino,,,,
01-04-2024,18:18:42,card,ANON-0000-0000-0024,33.8,Americano with Milk,,,,
01-04-2024,18:45:27,card,ANON-0000-0000-0090,38.7,Hot Chocolate,,,,
02-04-2024,10:01:14,card,ANON-0000-0000-0001,38.7,Latte,,,,
02-04-2024,16:18:34,card,ANON-0000-0000-0003,28.9,Americano,,,,
02-04-2024,16:19:28,card,ANON-0000-0000-0003,28.9,Cortado,,,,
02-04-2024,19:59:32,cash,,40,Cappuccino,,,,
03-04-2024,10:19:14,card,ANON-0000-0000-0003,28.9,Cortado,,,,
03-04-2024,10:20:08,card,ANON-0000-0000-0003,28.9,Americano,,,,
03-04-2024,13:12:05,card,ANON-0000-0000-0012,38.7,Cappuccino,,,,
03-04-2024,15:36:12,cash,,30,Cortado,,,,
04-04-2024,10:44:56,card,ANON-0000-0000-0091,38.7,Latte,,,,
04-04-2024,11:26:38,card,ANON-0000-0000-0092,38.7,Latte,,,,
04-04-2024,11:27:48,card,ANON-0000-0000-0093,38.7,Cappuccino,,,,
04-04-2024,12:23:02,card,ANON-0000-0000-0094,28.9,Cortado,,,,
04-04-2024,19:42:08,cash,,40,Latte,,,,
05-04-2024,10:40:43,card,ANON-0000-0000-0095,28.9,Americano,,,,
05-04-2024,10:42:06,card,ANON-0000-0000-0012,28.9,Americano,,,,
05-04-2024,11:06:15,card,ANON-0000-0000-0096,28.9,Cortado,,,,
05-04-2024,12:14:28,card,ANON-0000-0000-0097,33.8,Americano with Milk,,,,
05-04-2024,14:23:40,card,ANON-0000-0000-0098,38.7,Latte,,,,
05-04-2024,14:24:50,card,ANON-0000-0000-0098,28.9,Cortado,,,,
05-04-2024,15:30:50,cash,,40,Latte,,,,
05-04-2024,15:54:16,cash,,40,Cappuccino,,,,
05-04-2024,15:55:31,cash,,30,Americano,,,,
05-04-2024,16:17:44,cash,,40,Cocoa,,,,
05-04-2024,16:18:24,card,ANON-0000-0000-0003,24,Espresso,,,,
06-04-2024,12:32:31,card,ANON-0000-0000-0099,33.8,Americano with Milk,,,,
06-04-2024,14:13:19,card,ANON-0000-0000-0040,38.7,Cappuccino,,,,
06-04-2024,14:14:27,card,ANON-0000-0000-0040,28.9,Americano,,,,
06-04-2024,14:49:50,card,ANON-0000-0000-0009,38.7,Latte,,,,
07-04-2024,10:12:53,card,ANON-0000-0000-0091,38.7,Latte,,,,
07-04-2024,12:44:32,card,ANON-0000-0000-0040,38.7,Cappuccino,,,,
07-04-2024,12:46:05,card,ANON-0000-0000-0040,38.7,Cappuccino,,,,
07-04-2024,14:16:25,card,ANON-0000-0000-0100,28.9,Cortado,,,,
07-04-2024,14:17:31,card,ANON-0000-0000-0100,24,Espresso,,,,
07-04-2024,18:01:17,card,ANON-0000-0000-0101,38.7,Hot Chocolate,,,,
07-04-2024,18:02:04,card,ANON-0000-0000-0101,33.8,Americano with Milk,,,,
08-04-2024,10:58:21,card,ANON-0000-0000-0102,33.8,Americano with Milk,,,,
08-04-2024,10:59:28,card,ANON-0000-0000-0103,38.7,Cappuccino,,,,
08-04-2024,11:01:20,card,ANON-0000-0000-0012,28.9,Americano,,,,
08-04-2024,11:04:47,card,ANON-0000-0000-0104,38.7,Cappuccino,,,,
08-04-2024,12:54:26,cash,,25,Espresso,,,,
08-04-2024,15:43:37,cash,,35,Americano with Milk,,,,
08-04-2024,16:41:38,card,ANON-0000-0000-0017,38.7,Latte,,,,
08-04-2024,18:18:10,card,ANON-0000-0000-0105,28.9,Americano,,,,
08-04-2024,19:22:27,card,ANON-0000-0000-0024,33.8,Americano with Milk,,,,
08-04-2024,19:23:59,card,ANON-0000-0000-0106,38.7,Cappuccino,,,,
09-04-2024,10:22:27,cash,,40,Cappuccino,,,,
09-04-2024,10:24:10,cash,,30,Americano,,,,
09-04-2024,11:42:28,card,ANON-0000-0000-0091,38.7,Latte,,,,
09-04-2024,15:11:49,card,ANON-0000-0000-0107,38.7,Hot Chocolate,,,,
09-04-2024,17:25:24,card,ANON-0000-0000-0049,38.7,Hot Chocolate,,,,
10-04-2024,10:21:26,cash,,25,Espresso,,,,
10-04-2024,17:55:07,cash,,40,Hot Chocolate,,,,
10-04-2024,17:55:31,card,ANON-0000-0000-0108,24,Espresso,,,,
10-04-2024,18:24:59,card,ANON-0000-0000-0009,38.7,Cappuccino,,,,
10-04-2024,20:04:05,card,ANON-0000-0000-0109,38.7,Latte,,,,
11-04-2024,10:41:23,card,ANON-0000-0000-0110,28.9,Americano,,,,
11-04-2024,10:42:59,card,ANON-0000-0000-0110,28.9,Americano,,,,
11-04-2024,16:35:23,card,ANON-0000-0000-0017,38.7,Latte,,,,
11-04-2024,19:16:57,card,ANON-0000-0000-0106,38.7,Cappuccino,,,,
11-04-2024,19:18:37,card,ANON-0000-0000-0024,33.8,Americano with Milk,,,,
12-04-2024,19:03:43,card,ANON-0000-0000-0019,38.7,Hot Chocolate,,,,
12-04-2024,19:38:23,card,ANON-0000-0000-0009,28.9,Cortado,,,,
13-04-2024,12:29:20,card,ANON-0000-0000-0009,38.7,Latte,,,,
13-04-2024,12:43:02,card,ANON-0000-0000-0012,28.9,Americano,,,,
13-04-2024,15:06:52,cash,,40,Hot Chocolate,,,,
13-04-2024,15:07:56,cash,,40,Hot Chocolate,,,,
13-04-2024,16:18:04,card,ANON-0000-0000-0111,38.7,Cappuccino,,,,
13-04-2024,16:19:40,card,ANON-0000-0000-0111,38.7,Latte,,,,
13-04-2024,17:51:26,card,ANON-0000-0000-0112,38.7,Cappuccino,,,,
13-04-2024,17:53:19,card,ANON-0000-0000-0012,38.7,Cappuccino,,,,
14-04-2024,10:55:27,cash,,40,Latte,,,,
14-04-2024,12:24:39,card,ANON-0000-0000-0113,38.7,Cappuccino,,,,
14-04-2024,12:27:09,cash,,30,Cortado,,,,
14-04-2024,12:29:07,cash,,30,Cortado,,,,
14-04-2024,12:31:36,cash,,35,Americano with Milk,,,,
14-04-2024,13:21:50,card,ANON-0000-0000-0114,28.9,Cortado,,,,
14-04-2024,14:23:32,card,ANON-0000-0000-0012,28.9,Americano,,,,
14-04-2024,14:24:27,card,ANON-0000-0000-0012,28.9,Americano,,,,
14-04-2024,14:25:18,card,ANON-0000-0000-0012,28.9,Americano,,,,
14-04-2024,15:46:28,card,ANON-0000-0000-0017,38.7,Cappuccino,,,,
14-04-2024,16:59:55,card,ANON-0000-0000-0012,28.9,Cortado,,,,
14-04-2024,17:00:45,card,ANON-0000-0000-0019,38.7,Latte,,,,
14-04-2024,18:38:20,card,ANON-0000-0000-0115,38.7,Cappuccino,,,,
15-04-2024,11:45:25,card,ANON-0000-0000-0064,28.9,Americano,,,,
15-04-2024,17:01:46,card,ANON-0000-0000-0003,28.9,Americano,,,,
15-04-2024,17:02:50,card,ANON-0000-0000-0004,33.8,Americano with Milk,,,,
15-04-2024,19:33:03,card,ANON-0000-0000-0009,33.8,Americano with Milk,,,,
15-04-2024,19:41:58,cash,,25,Espresso,,,,
16-04-2024,10:43:50,cash,,35,Americano with Milk,,,,
16-04-2024,10:46:26,card,ANON-0000-0000-0116,33.8,Americano with Milk,,,,
16-04-2024,12:40:48,card,ANON-0000-0000-0117,38.7,Cocoa,,,,
16-04-2024,12:52:08,card,ANON-0000-0000-0064,28.9,Cortado,,,,
16-04-2024,15:03:17,card,ANON-0000-0000-0118,28.9,Americano,,,,
16-04-2024,17:42:04,card,ANON-0000-0000-0024,33.8,Americano with Milk,,,,
16-04-2024,17:43:23,card,ANON-0000-0000-0009,38.7,Cappuccino,,,,
16-04-2024,18:09:05,card,ANON-0000-0000-0050,38.7,Cocoa,,,,
17-04-2024,13:33:00,card,ANON-0000-0000-0012,28.9,Americano,,,,
17-04-2024,13:44:00,card,ANON-0000-0000-0119,24,Espresso,,,,
17-04-2024,16:13:24,cash,,40,Cappuccino,,,,
17-04-2024,17:01:35,card,ANON-0000-0000-0120,38.7,Cappuccino,,,,
17-04-2024,17:02:41,card,ANON-0000-0000-0120,38.7,Cappuccino,,,,
17-04-2024,18:14:03,card,ANON-0000-0000-0121,28.9,Cortado,,,,
18-04-2024,11:19:02,card,ANON-0000-0000-0003,28.9,Americano,,,,
18-04-2024,11:20:06,card,ANON-0000-0000-0003,28.9,Americano,,,,
18-04-2024,13:49:13,card,ANON-0000-0000-0122,33.8,Americano with Milk,,,,
18-04-2024,13:50:17,card,ANON-0000-0000-0122,28.9,Cortado,,,,
18-04-2024,14:34:20,card,ANON-0000-0000-0123,38.7,Cappuccino,,,,
18-04-2024,14:35:49,card,ANON-0000-0000-0123,38.7,Latte,,,,
18-04-2024,17:44:16,card,ANON-0000-0000-0069,38.7,Latte,,,,
18-04-2024,18:21:06,card,ANON-0000-0000-0085,38.7,Cappuccino,,,,
18-04-2024,19:39:51,card,ANON-0000-0000-0024,38.7,Hot Chocolate,,,,
18-04-2024,19:40:49,card,ANON-0000-0000-0009,38.7,Hot Chocolate,,,,
19-04-2024,10:10:36,card,ANON-0000-0000-0001,38.7,Latte,,,,
19-04-2024,13:11:48,card,ANON-0000-0000-0040,33.8,Americano with Milk,,,,
19-04-2024,13:13:21,card,ANON-0000-0000-0040,38.7,Cappuccino,,,,
19-04-2024,13:58:54,card,ANON-0000-0000-0124,38.7,Hot Chocolate,,,,
19-04-2024,13:59:50,card,ANON-0000-0000-0124,38.7,Cappuccino,,,,
19-04-2024,18:23:19,card,ANON-0000-0000-0024,38.7,Cocoa,,,,
19-04-2024,18:25:33,card,ANON-0000-0000-0009,33.8,Americano with Milk,,,,
20-04-2024,11:24:43,cash,,35,Americano with Milk,,,,
20-04-2024,12:08:36,card,ANON-0000-0000-0125,33.8,Americano with Milk,,,,
20-04-2024,12:09:43,card,ANON-0000-0000-0125,33.8,Americano with Milk,,,,
20-04-2024,13:08:37,card,ANON-0000-0000-0118,28.9,Americano,,,,
20-04-2024,13:09:48,card,ANON-0000-0000-0118,33.8,Americano with Milk,,,,
20-04-2024,13:10:55,card,ANON-0000-0000-0118,38.7,Hot Chocolate,,,,
20-04-2024,14:44:18,card,ANON-0000-0000-0040,38.7,Cappuccino,,,,
20-04-2024,15:11:00,card,ANON-0000-0000-0009,33.8,Americano with Milk,,,,
20-04-2024,15:22:41,card,ANON-0000-0000-0012,32.82,Americano with Milk,,,,
20-04-2024,15:49:25,card,ANON-0000-0000-0126,32.82,Americano with Milk,,,,
20-04-2024,17:07:58,cash,,39,Cocoa,,,,
20-04-2024,18:27:41,card,ANON-0000-0000-0127,37.72,Cappuccino,,,,
20-04-2024,18:28:47,card,ANON-0000-0000-0127,37.72,Cappuccino,,,,
20-04-2024,19:30:55,card,ANON-0000-0000-0128,37.72,Latte,,,,
21-04-2024,11:16:46,card,ANON-0000-0000-0001,37.72,Latte,,,,
21-04-2024,14:15:38,card,ANON-0000-0000-0099,27.92,Americano,,,,
21-04-2024,17:09:03,cash,,39,Cappuccino,,,,
22-04-2024,11:09:16,card,ANON-0000-0000-0012,27.92,Americano,,,,
22-04-2024,11:29:27,card,ANON-0000-0000-0129,32.82,Americano with Milk,,,,
22-04-2024,18:40:33,cash,,39,Latte,,,,
22-04-2024,19:39:05,card,ANON-0000-0000-0009,37.72,Latte,,,,
22-04-2024,20:02:29,cash,,39,Cappuccino,,,,
23-04-2024,14:22:36,card,ANON-0000-0000-0025,37.72,Cappuccino,,,,
23-04-2024,14:23:53,card,ANON-0000-0000-0024,32.82,Americano with Milk,,,,
23-04-2024,14:24:58,card,ANON-0000-0000-0009,37.72,Cappuccino,,,,
23-04-2024,19:42:28,card,ANON-0000-0000-0130,32.82,Americano with Milk,,,,
23-04-2024,19:43:26,card,ANON-0000-0000-0130,32.82,Americano with Milk,,,,
24-04-2024,10:19:38,card,ANON-0000-0000-0001,37.72,Latte,,,,
24-04-2024,10:21:27,card,ANON-0000-0000-0131,32.82,Americano with Milk,,,,
24-04-2024,11:23:46,card,ANON-0000-0000-0132,32.82,Americano with Milk,,,,
24-04-2024,11:33:26,card,ANON-0000-0000-0133,32.82,Americano with Milk,,,,
24-04-2024,12:39:09,card,ANON-0000-0000-0059,32.82,Americano with Milk,,,,
24-04-2024,16:39:07,card,ANON-0000-0000-0009,32.82,Americano with Milk,,,,
24-04-2024,19:39:50,card,ANON-0000-0000-0134,32.82,Americano with Milk,,,,
24-04-2024,19:40:54,card,ANON-0000-0000-0134,37.72,Cappuccino,,,,
25-04-2024,10:46:08,card,ANON-0000-0000-0135,27.92,Americano,,,,
25-04-2024,15:18:27,card,ANON-0000-0000-0009,37.72,Latte,,,,
25-04-2024,17:09:44,card,ANON-0000-0000-0012,27.92,Americano,,,,
25-04-2024,17:10:49,card,ANON-0000-0000-0012,27.92,Americano,,,,
26-04-2024,10:12:51,card,ANON-0000-0000-0001,37.72,Latte,,,,
26-04-2024,12:01:31,card,ANON-0000-0000-0136,37.72,Latte,,,,
26-04-2024,13:31:28,card,ANON-0000-0000-0137,37.72,Cappuccino,,,,
26-04-2024,15:32:35,card,ANON-0000-0000-0012,27.92,Americano,,,,
26-04-2024,15:33:33,card,ANON-0000-0000-0012,27.92,Americano,,,,
26-04-2024,16:23:27,card,ANON-0000-0000-0138,27.92,Cortado,,,,
26-04-2024,16:24:34,card,ANON-0000-0000-0139,27.92,Americano,,,,
26-04-2024,19:32:07,card,ANON-0000-0000-0009,37.72,Hot Chocolate,,,,
26-04-2024,19:33:30,card,ANON-0000-0000-0009,37.72,Cocoa,,,,
27-04-2024,15:27:01,card,ANON-0000-0000-0009,37.72,Cappuccino,,,,
28-04-2024,10:32:52,card,ANON-0000-0000-0001,37.72,Latte,,,,
28-04-2024,12:30:10,card,ANON-0000-0000-0140,37.72,Cappuccino,,,,
28-04-2024,18:27:08,card,ANON-0000-0000-0012,27.92,Americano,,,,
28-04-2024,18:28:11,card,ANON-0000-0000-0012,27.92,Americano,,,,
28-04-2024,18:29:02,card,ANON-0000-0000-0019,37.72,Latte,,,,
29-04-2024,11:26:32,card,ANON-0000-0000-0141,27.92,Cortado,,,,
29-04-2024,13:27:57,card,ANON-0000-0000-0003,27.92,Americano,,,,
29-04-2024,13:28:54,card,ANON-0000-0000-0003,27.92,Cortado,,,,
29-04-2024,13:53:36,card,ANON-0000-0000-0141,27.92,Cortado,,,,
29-04-2024,13:54:24,card,ANON-0000-0000-0141,32.82,Americano with Milk,,,,
29-04-2024,18:37:48,card,ANON-0000-0000-0140,37.72,Cappuccino,,,,
29-04-2024,19:12:33,card,ANON-0000-0000-0134,37.72,Cappuccino,,,,
29-04-2024,19:13:38,card,ANON-0000-0000-0134,37.72,Cappuccino,,,,
30-04-2024,10:16:41,card,ANON-0000-0000-0142,37.72,Latte,,,,
30-04-2024,10:34:52,card,ANON-0000-0000-0142,32.82,Americano with Milk,,,,
30-04-2024,10:35:48,card,ANON-0000-0000-0142,32.82,Americano with Milk,,,,
30-04-2024,13:41:52,card,ANON-0000-0000-0142,27.92,Americano,,,,
30-04-2024,13:43:00,card,ANON-0000-0000-0142,32.82,Americano with Milk,,,,
30-04-2024,19:19:18,card,ANON-0000-0000-0142,37.72,Cappuccino,,,,
30-04-2024,19:30:04,card,ANON-0000-0000-0142,32.82,Americano with Milk,,,,
30-04-2024,19:31:21,card,ANON-0000-0000-0142,37.72,Latte,,,,
02-05-2024,10:33:56,card,ANON-0000-0000-0143,27.92,Americano,,,,
02-05-2024,11:29:57,cash,,39,Latte,,,,
02-05-2024,13:49:40,card,ANON-0000-0000-0133,32.82,Americano with Milk,,,,
02-05-2024,18:36:22,card,ANON-0000-0000-0144,37.72,Cappuccino,,,,
02-05-2024,18:41:11,card,ANON-0000-0000-0024,32.82,Americano with Milk,,,,
02-05-2024,19:18:33,card,ANON-0000-0000-0145,37.72,Latte,,,,
02-05-2024,19:19:56,card,ANON-0000-0000-0145,37.72,Cappuccino,,,,
03-05-2024,10:11:53,cash,,39,Latte,,,,
03-05-2024,14:30:01,card,ANON-0000-0000-0146,37.72,Latte,,,,
03-05-2024,17:03:25,card,ANON-0000-0000-0147,37.72,Latte,,,,
06-05-2024,10:05:18,card,ANON-0000-0000-0148,27.92,Americano,,,,
06-05-2024,10:06:52,card,ANON-0000-0000-0149,37.72,Cappuccino,,,,
06-05-2024,10:08:06,card,ANON-0000-0000-0149,32.82,Americano with Milk,,,,
06-05-2024,10:09:08,card,ANON-0000-0000-0150,27.92,Americano,,,,
06-05-2024,10:39:13,card,ANON-0000-0000-0141,27.92,Cortado,,,,
06-05-2024,11:34:21,cash,,29,Americano,,,,
06-05-2024,13:18:11,card,ANON-0000-0000-0148,27.92,Cortado,,,,
06-05-2024,13:19:01,card,ANON-0000-0000-0148,27.92,Americano,,,,
06-05-2024,19:18:13,card,ANON-0000-0000-0151,37.72,Cappuccino,,,,
06-05-2024,19:19:50,card,ANON-0000-0000-0151,37.72,Cappuccino,,,,
07-05-2024,10:44:56,card,ANON-0000-0000-0148,37.72,Cocoa,,,,
07-05-2024,11:21:58,card,ANON-0000-0000-0141,27.92,Cortado,,,,
07-05-2024,13:23:35,card,ANON-0000-0000-0077,27.92,Cortado,,,,
07-05-2024,16:42:08,card,ANON-0000-0000-0148,37.72,Cocoa,,,,
07-05-2024,16:55:39,card,ANON-0000-0000-0152,27.92,Americano,,,,
07-05-2024,17:37:46,card,ANON-0000-0000-0153,37.72,Cappuccino,,,,
07-05-2024,17:38:48,card,ANON-0000-0000-0153,37.72,Latte,,,,
07-05-2024,18:35:37,cash,,34,Americano with Milk,,,,
07-05-2024,19:12:13,card,ANON-0000-0000-0154,37.72,Cappuccino,,,,
07-05-2024,19:13:12,card,ANON-0000-0000-0154,37.72,Cappuccino,,,,
08-05-2024,10:07:29,card,ANON-0000-0000-0001,37.72,Latte,,,,
09-05-2024,12:54:22,card,ANON-0000-0000-0155,37.72,Cappuccino,,,,
09-05-2024,13:03:59,card,ANON-0000-0000-0156,27.92,Americano,,,,
09-05-2024,13:04:58,card,ANON-0000-0000-0156,37.72,Latte,,,,
09-05-2024,13:06:11,card,ANON-0000-0000-0156,37.72,Latte,,,,
09-05-2024,13:07:16,card,ANON-0000-0000-0156,37.72,Latte,,,,
09-05-2024,16:55:15,card,ANON-0000-0000-0118,27.92,Americano,,,,
09-05-2024,16:56:15,card,ANON-0000-0000-0118,27.92,Americano,,,,
09-05-2024,18:01:30,card,ANON-0000-0000-0157,27.92,Americano,,,,
09-05-2024,18:13:56,card,ANON-0000-0000-0143,32.82,Americano with Milk,,,,
10-05-2024,10:09:22,cash,,39,Latte,,,,
10-05-2024,15:46:22,card,ANON-0000-0000-0158,37.72,Latte,,,,
10-05-2024,15:47:33,card,ANON-0000-0000-0158,37.72,Latte,,,,
10-05-2024,16:20:15,cash,,34,Americano with Milk,,,,
11-05-2024,11:39:53,card,ANON-0000-0000-0069,37.72,Latte,,,,
11-05-2024,17:02:44,cash,,39,Latte,,,,
11-05-2024,17:20:30,card,ANON-0000-0000-0009,32.82,Americano with Milk,,,,
11-05-2024,17:21:56,card,ANON-0000-0000-0026,37.72,Cocoa,,,,
11-05-2024,17:23:57,card,ANON-0000-0000-0040,37.72,Cappuccino,,,,
11-05-2024,17:28:54,card,ANON-0000-0000-0012,32.82,Americano with Milk,,,,
11-05-2024,18:35:40,card,ANON-0000-0000-0115,37.72,Cappuccino,,,,
11-05-2024,19:38:16,card,ANON-0000-0000-0159,37.72,Latte,,,,
12-05-2024,10:20:43,card,ANON-0000-0000-0001,37.72,Latte,,,,
12-05-2024,13:24:03,card,ANON-0000-0000-0160,37.72,Latte,,,,
12-05-2024,13:27:39,card,ANON-0000-0000-0161,27.92,Americano,,,,
12-05-2024,15:16:20,card,ANON-0000-0000-0077,37.72,Latte,,,,
12-05-2024,15:38:02,card,ANON-0000-0000-0162,32.82,Americano with Milk,,,,
12-05-2024,15:52:15,card,ANON-0000-0000-0163,32.82,Americano with Milk,,,,
12-05-2024,16:04:21,card,ANON-0000-0000-0012,32.82,Americano with Milk,,,,
12-05-2024,19:41:31,card,ANON-0000-0000-0009,32.82,Americano with Milk,,,,
13-05-2024,11:03:53,card,ANON-0000-0000-0164,32.82,Americano with Milk,,,,
13-05-2024,15:31:11,cash,,29,Americano,,,,
13-05-2024,15:31:51,cash,,29,Americano,,,,
14-05-2024,08:38:15,card,ANON-0000-0000-0012,27.92,Americano,,,,
14-05-2024,08:39:25,card,ANON-0000-0000-0012,27.92,Americano,,,,
14-05-2024,08:40:17,card,ANON-0000-0000-0012,27.92,Americano,,,,
14-05-2024,10:19:23,card,ANON-0000-0000-0012,37.72,Cappuccino,,,,
14-05-2024,11:32:29,card,ANON-0000-0000-0165,37.72,Latte,,,,
14-05-2024,11:34:13,card,ANON-0000-0000-0165,37.72,Cappuccino,,,,
14-05-2024,14:04:55,card,ANON-0000-0000-0025,37.72,Cappuccino,,,,
14-05-2024,14:06:00,card,ANON-0000-0000-0009,32.82,Americano with Milk,,,,
14-05-2024,15:01:55,card,ANON-0000-0000-0040,27.92,Americano,,,,
14-05-2024,16:57:57,card,ANON-0000-0000-0166,32.82,Americano with Milk,,,,
14-05-2024,16:59:10,card,ANON-0000-0000-0166,37.72,Cappuccino,,,,
14-05-2024,22:51:25,card,ANON-0000-0000-0167,37.72,Hot Chocolate,,,,
15-05-2024,08:40:06,card,ANON-0000-0000-0168,37.72,Latte,,,,
15-05-2024,11:14:19,card,ANON-0000-0000-0012,23.02,Espresso,,,,
15-05-2024,11:19:10,card,ANON-0000-0000-0012,27.92,Americano,,,,
15-05-2024,13:34:35,card,ANON-0000-0000-0003,27.92,Americano,,,,
15-05-2024,13:35:29,card,ANON-0000-0000-0003,27.92,Americano,,,,
15-05-2024,13:36:27,card,ANON-0000-0000-0003,27.92,Americano,,,,
15-05-2024,13:55:29,card,ANON-0000-0000-0164,32.82,Americano with Milk,,,,
15-05-2024,14:38:11,cash,,29,Americano,,,,
15-05-2024,14:38:52,card,ANON-0000-0000-0169,27.92,Cortado,,,,
15-05-2024,14:39:44,card,ANON-0000-0000-0012,27.92,Cortado,,,,
15-05-2024,17:28:59,card,ANON-0000-0000-0170,23.02,Espresso,,,,
15-05-2024,20:20:35,card,ANON-0000-0000-0171,37.72,Cappuccino,,,,
16-05-2024,10:38:42,card,ANON-0000-0000-0097,32.82,Americano with Milk,,,,
16-05-2024,10:39:49,card,ANON-0000-0000-0172,32.82,Americano with Milk,,,,
16-05-2024,11:42:50,cash,,39,Latte,,,,
16-05-2024,11:44:21,cash,,39,Cappuccino,,,,
16-05-2024,12:14:00,card,ANON-0000-0000-0173,32.82,Americano with Milk,,,,
16-05-2024,15:15:16,card,ANON-0000-0000-0174,37.72,Hot Chocolate,,,,
16-05-2024,17:44:32,card,ANON-0000-0000-0069,37.72,Latte,,,,
16-05-2024,18:12:57,card,ANON-0000-0000-0175,37.72,Hot Chocolate,,,,
16-05-2024,18:13:58,card,ANON-0000-0000-0175,37.72,Latte,,,,
17-05-2024,09:00:48,card,ANON-0000-0000-0033,27.92,Americano,,,,
17-05-2024,11:30:28,card,ANON-0000-0000-0164,32.82,Americano with Milk,,,,
17-05-2024,14:58:03,cash,,34,Americano with Milk,,,,
17-05-2024,19:55:19,card,ANON-0000-0000-0012,32.82,Americano with Milk,,,,
17-05-2024,19:56:47,card,ANON-0000-0000-0009,37.72,Cappuccino,,,,
17-05-2024,20:37:53,card,ANON-0000-0000-0176,37.72,Cappuccino,,,,
17-05-2024,22:34:51,card,ANON-0000-0000-0177,27.92,Americano,,,,
17-05-2024,22:36:33,card,ANON-0000-0000-0178,37.72,Latte,,,,
17-05-2024,22:37:43,card,ANON-0000-0000-0179,37.72,Latte,,,,
18-05-2024,08:01:38,card,ANON-0000-0000-0180,37.72,Cappuccino,,,,
18-05-2024,08:02:40,card,ANON-0000-0000-0180,37.72,Cappuccino,,,,
18-05-2024,11:15:56,card,ANON-0000-0000-0181,32.82,Americano with Milk,,,,
18-05-2024,16:48:29,card,ANON-0000-0000-0172,32.82,Americano with Milk,,,,
18-05-2024,16:49:27,card,ANON-0000-0000-0097,32.82,Americano with Milk,,,,
18-05-2024,19:58:44,card,ANON-0000-0000-0040,32.82,Americano with Milk,,,,
18-05-2024,20:22:53,card,ANON-0000-0000-0009,37.72,Latte,,,,
18-05-2024,22:05:27,cash,,39,Cappuccino,,,,
19-05-2024,07:58:38,card,ANON-0000-0000-0182,27.92,Americano,,,,
19-05-2024,07:59:34,card,ANON-0000-0000-0182,27.92,Americano,,,,
19-05-2024,08:00:35,card,ANON-0000-0000-0183,37.72,Cappuccino,,,,
19-05-2024,09:28:50,cash,,24,Espresso,,,,
19-05-2024,12:14:27,card,ANON-0000-0000-0184,32.82,Americano with Milk,,,,
19-05-2024,14:43:40,card,ANON-0000-0000-0012,27.92,Americano,,,,
19-05-2024,15:58:58,card,ANON-0000-0000-0185,32.82,Americano with Milk,,,,
19-05-2024,18:12:36,card,ANON-0000-0000-0186,32.82,Americano with Milk,,,,
19-05-2024,18:13:48,card,ANON-0000-0000-0186,23.02,Espresso,,,,
19-05-2024,18:16:30,card,ANON-0000-0000-0186,37.72,Hot Chocolate,,,,
19-05-2024,19:51:07,card,ANON-0000-0000-0187,37.72,Cappuccino,,,,
19-05-2024,21:15:42,card,ANON-0000-0000-0188,37.72,Cappuccino,,,,
19-05-2024,21:18:36,card,ANON-0000-0000-0189,37.72,Cappuccino,,,,
20-05-2024,10:05:59,card,ANON-0000-0000-0190,32.82,Americano with Milk,,,,
20-05-2024,10:17:52,card,ANON-0000-0000-0191,37.72,Latte,,,,
20-05-2024,10:58:48,card,ANON-0000-0000-0001,37.72,Latte,,,,
20-05-2024,11:15:16,card,ANON-0000-0000-0143,27.92,Americano,,,,
20-05-2024,11:16:20,card,ANON-0000-0000-0143,27.92,Americano,,,,
20-05-2024,13:27:13,card,ANON-0000-0000-0003,27.92,Americano,,,,
20-05-2024,13:28:10,card,ANON-0000-0000-0003,27.92,Americano,,,,
20-05-2024,14:13:19,card,ANON-0000-0000-0192,32.82,Americano with Milk,,,,
20-05-2024,14:14:31,card,ANON-0000-0000-0192,37.72,Cappuccino,,,,
20-05-2024,14:32:21,cash,,29,Americano,,,,
20-05-2024,17:12:51,card,ANON-0000-0000-0120,37.72,Latte,,,,
20-05-2024,17:13:57,card,ANON-0000-0000-0193,37.72,Latte,,,,
20-05-2024,20:36:48,card,ANON-0000-0000-0194,32.82,Americano with Milk,,,,
20-05-2024,20:37:57,card,ANON-0000-0000-0194,37.72,Cocoa,,,,
20-05-2024,20:46:52,card,ANON-0000-0000-0195,27.92,Cortado,,,,
20-05-2024,21:36:54,card,ANON-0000-0000-0012,32.82,Americano with Milk,,,,
20-05-2024,21:37:58,card,ANON-0000-0000-0012,32.82,Americano with Milk,,,,
21-05-2024,08:27:38,card,ANON-0000-0000-0196,37.72,Latte,,,,
21-05-2024,09:43:51,cash,,29,Americano,,,,
21-05-2024,09:44:40,cash,,34,Americano with Milk,,,,
21-05-2024,09:46:09,cash,,39,Cocoa,,,,
21-05-2024,10:05:08,cash,,39,Latte,,,,
21-05-2024,16:10:20,card,ANON-0000-0000-0197,37.72,Latte,,,,
21-05-2024,18:13:24,card,ANON-0000-0000-0012,23.02,Espresso,,,,
21-05-2024,19:11:09,card,ANON-0000-0000-0198,37.72,Cappuccino,,,,
21-05-2024,20:13:48,card,ANON-0000-0000-0199,37.72,Cappuccino,,,,
22-05-2024,09:34:42,card,ANON-0000-0000-0200,37.72,Cappuccino,,,,
22-05-2024,10:49:47,card,ANON-0000-0000-0191,32.82,Americano with Milk,,,,
22-05-2024,11:18:14,card,ANON-0000-0000-0141,27.92,Cortado,,,,
22-05-2024,11:34:55,card,ANON-0000-0000-0097,32.82,Americano with Milk,,,,
22-05-2024,12:29:51,card,ANON-0000-0000-0012,27.92,Americano,,,,
22-05-2024,12:30:43,card,ANON-0000-0000-0012,27.92,Americano,,,,
22-05-2024,14:00:20,card,ANON-0000-0000-0009,32.82,Americano with Milk,,,,
22-05-2024,19:24:58,card,ANON-0000-0000-0134,37.72,Cappuccino,,,,
22-05-2024,19:25:59,card,ANON-0000-0000-0134,37.72,Cappuccino,,,,
22-05-2024,21:23:53,card,ANON-0000-0000-0180,37.72,Hot Chocolate,,,,
22-05-2024,21:24:50,card,ANON-0000-0000-0180,37.72,Cappuccino,,,,
23-05-2024,10:10:20,card,ANON-0000-0000-0201,37.72,Cappuccino,,,,
23-05-2024,12:22:07,card,ANON-0000-0000-0202,23.02,Espresso,,,,
23-05-2024,15:55:17,card,ANON-0000-0000-0180,37.72,Cappuccino,,,,
23-05-2024,15:56:27,card,ANON-0000-0000-0203,37.72,Cappuccino,,,,
23-05-2024,16:18:14,card,ANON-0000-0000-0180,37.72,Cappuccino,,,,
23-05-2024,16:41:00,card,ANON-0000-0000-0077,37.72,Latte,,,,
23-05-2024,17:14:33,card,ANON-0000-0000-0153,37.72,Cappuccino,,,,
23-05-2024,17:15:45,card,ANON-0000-0000-0153,37.72,Latte,,,,
23-05-2024,19:03:54,card,ANON-0000-0000-0204,27.92,Cortado,,,,
23-05-2024,19:17:28,card,ANON-0000-0000-0134,37.72,Cappuccino,,,,
23-05-2024,19:18:26,card,ANON-0000-0000-0205,37.72,Cappuccino,,,,
23-05-2024,19:42:32,card,ANON-0000-0000-0206,37.72,Cappuccino,,,,
23-05-2024,20:15:01,card,ANON-0000-0000-0207,37.72,Cappuccino,,,,
23-05-2024,20:16:24,card,ANON-0000-0000-0207,37.72,Latte,,,,
23-05-2024,22:48:11,card,ANON-0000-0000-0208,32.82,Americano with Milk,,,,
23-05-2024,22:55:37,cash,,39,Hot Chocolate,,,,
24-05-2024,11:11:59,card,ANON-0000-0000-0141,27.92,Cortado,,,,
24-05-2024,11:15:08,card,ANON-0000-0000-0012,27.92,Americano,,,,
24-05-2024,11:16:13,card,ANON-0000-0000-0012,27.92,Americano,,,,
24-05-2024,16:07:20,card,ANON-0000-0000-0081,37.72,Hot Chocolate,,,,
24-05-2024,18:17:40,card,ANON-0000-0000-0209,27.92,Cortado,,,,
24-05-2024,18:18:37,card,ANON-0000-0000-0209,27.92,Cortado,,,,
24-05-2024,22:30:40,card,ANON-0000-0000-0210,32.82,Americano with Milk,,,,
25-05-2024,07:40:59,cash,,29,Americano,,,,
25-05-2024,12:13:53,card,ANON-0000-0000-0211,37.72,Latte,,,,
25-05-2024,12:40:24,cash,,29,Americano,,,,
25-05-2024,12:42:10,card,ANON-0000-0000-0212,32.82,Americano with Milk,,,,
25-05-2024,12:43:13,card,ANON-0000-0000-0212,32.82,Americano with Milk,,,,
25-05-2024,12:58:12,card,ANON-0000-0000-0213,32.82,Americano with Milk,,,,
25-05-2024,16:47:10,card,ANON-0000-0000-0040,32.82,Americano with Milk,,,,
25-05-2024,16:48:17,card,ANON-0000-0000-0040,27.92,Americano,,,,
26-05-2024,10:20:02,card,ANON-0000-0000-0001,37.72,Latte,,,,
26-05-2024,14:24:50,card,ANON-0000-0000-0214,32.82,Americano with Milk,,,,
26-05-2024,14:26:05,card,ANON-0000-0000-0215,27.92,Cortado,,,,
26-05-2024,14:40:59,card,ANON-0000-0000-0216,32.82,Americano with Milk,,,,
26-05-2024,17:19:16,card,ANON-0000-0000-0217,37.72,Cappuccino,,,,
26-05-2024,18:09:53,card,ANON-0000-0000-0218,37.72,Hot Chocolate,,,,
26-05-2024,18:11:02,card,ANON-0000-0000-0218,37.72,Hot Chocolate,,,,
26-05-2024,18:13:14,card,ANON-0000-0000-0218,27.92,Americano,,,,
26-05-2024,18:39:19,card,ANON-0000-0000-0219,37.72,Latte,,,,
26-05-2024,20:59:15,card,ANON-0000-0000-0220,37.72,Hot Chocolate,,,,
26-05-2024,21:00:06,card,ANON-0000-0000-0220,37.72,Cappuccino,,,,
26-05-2024,21:02:37,card,ANON-0000-0000-0221,27.92,Cortado,,,,
26-05-2024,21:03:52,card,ANON-0000-0000-0222,37.72,Cappuccino,,,,
26-05-2024,21:04:59,card,ANON-0000-0000-0221,37.72,Latte,,,,
26-05-2024,21:06:03,card,ANON-0000-0000-0223,37.72,Cappuccino,,,,
27-05-2024,11:34:55,card,ANON-0000-0000-0012,27.92,Americano,,,,
27-05-2024,14:05:22,card,ANON-0000-0000-0224,32.82,Americano with Milk,,,,
27-05-2024,14:06:44,card,ANON-0000-0000-0224,37.72,Cocoa,,,,
27-05-2024,15:11:34,card,ANON-0000-0000-0225,27.92,Americano,,,,
27-05-2024,15:14:06,card,ANON-0000-0000-0225,27.92,Americano,,,,
27-05-2024,17:50:56,card,ANON-0000-0000-0203,37.72,Latte,,,,
27-05-2024,18:00:51,card,ANON-0000-0000-0226,27.92,Americano,,,,
27-05-2024,19:16:27,card,ANON-0000-0000-0227,37.72,Latte,,,,
27-05-2024,19:17:39,card,ANON-0000-0000-0228,37.72,Latte,,,,
27-05-2024,21:29:07,card,ANON-0000-0000-0192,32.82,Americano with Milk,,,,
27-05-2024,21:30:20,card,ANON-0000-0000-0206,37.72,Cappuccino,,,,
28-05-2024,08:37:09,card,ANON-0000-0000-0012,32.82,Americano with Milk,,,,
28-05-2024,09:20:11,card,ANON-0000-0000-0097,32.82,Americano with Milk,,,,
28-05-2024,11:48:18,card,ANON-0000-0000-0229,37.72,Cappuccino,,,,
28-05-2024,13:14:40,card,ANON-0000-0000-0230,37.72,Cappuccino,,,,
28-05-2024,14:10:54,card,ANON-0000-0000-0194,37.72,Cocoa,,,,
28-05-2024,16:25:39,card,ANON-0000-0000-0141,27.92,Cortado,,,,
28-05-2024,17:21:44,cash,,39,Cappuccino,,,,
28-05-2024,19:09:29,card,ANON-0000-0000-0231,27.92,Americano,,,,
28-05-2024,19:10:31,card,ANON-0000-0000-0231,37.72,Latte,,,,
28-05-2024,20:24:32,card,ANON-0000-0000-0009,32.82,Americano with Milk,,,,
28-05-2024,20:50:19,card,ANON-0000-0000-0012,27.92,Americano,,,,
29-05-2024,09:14:44,card,ANON-0000-0000-0232,37.72,Latte,,,,
29-05-2024,10:48:47,cash,,39,Latte,,,,
29-05-2024,11:14:03,card,ANON-0000-0000-0233,37.72,Hot Chocolate,,,,
29-05-2024,15:10:49,card,ANON-0000-0000-0234,27.92,Americano,,,,
29-05-2024,15:22:56,card,ANON-0000-0000-0235,37.72,Latte,,,,
29-05-2024,15:45:13,card,ANON-0000-0000-0236,37.72,Cappuccino,,,,
29-05-2024,16:45:04,card,ANON-0000-0000-0237,37.72,Latte,,,,
29-05-2024,18:24:03,card,ANON-0000-0000-0238,27.92,Cortado,,,,
29-05-2024,18:24:59,card,ANON-0000-0000-0238,37.72,Latte,,,,
29-05-2024,20:30:42,card,ANON-0000-0000-0239,37.72,Hot Chocolate,,,,
29-05-2024,20:32:35,card,ANON-0000-0000-0240,37.72,Cocoa,,,,
30-05-2024,08:29:06,card,ANON-0000-0000-0241,37.72,Cappuccino,,,,
30-05-2024,08:30:22,card,ANON-0000-0000-0241,37.72,Latte,,,,
30-05-2024,08:37:05,card,ANON-0000-0000-0242,32.82,Americano with Milk,,,,
30-05-2024,09:47:59,card,ANON-0000-0000-0001,37.72,Latte,,,,
30-05-2024,14:56:15,card,ANON-0000-0000-0097,32.82,Americano with Milk,,,,
30-05-2024,15:16:16,card,ANON-0000-0000-0243,23.02,Espresso,,,,
30-05-2024,15:17:39,card,ANON-0000-0000-0012,23.02,Espresso,,,,
30-05-2024,19:53:11,card,ANON-0000-0000-0206,37.72,Cappuccino,,,,
30-05-2024,20:31:05,card,ANON-0000-0000-0244,37.72,Latte,,,,
30-05-2024,20:46:14,card,ANON-0000-0000-0009,37.72,Hot Chocolate,,,,
30-05-2024,20:47:22,card,ANON-0000-0000-0009,32.82,Americano with Milk,,,,
31-05-2024,07:53:57,card,ANON-0000-0000-0245,32.82,Americano with Milk,,,,
31-05-2024,09:21:08,card,ANON-0000-0000-0246,37.72,Latte,,,,
31-05-2024,09:23:59,cash,,39,Latte,,,,
31-05-2024,10:38:08,card,ANON-0000-0000-0247,37.72,Hot Chocolate,,,,
31-05-2024,10:39:06,card,ANON-0000-0000-0248,37.72,Cocoa,,,,
31-05-2024,14:50:13,card,ANON-0000-0000-0249,32.82,Americano with Milk,,,,
31-05-2024,18:23:45,card,ANON-0000-0000-0250,37.72,Latte,,,,
31-05-2024,18:25:03,card,ANON-0000-0000-0250,37.72,Latte,,,,
31-05-2024,20:06:39,card,ANON-0000-0000-0180,37.72,Cappuccino,,,,
31-05-2024,20:33:06,card,ANON-0000-0000-0134,32.82,Americano with Milk,,,,
31-05-2024,20:34:33,card,ANON-0000-0000-0134,37.72,Latte,,,,
31-05-2024,22:05:47,card,ANON-0000-0000-0206,37.72,Cappuccino,,,,
31-05-2024,22:06:52,card,ANON-0000-0000-0206,32.82,Americano with Milk,,,,
31-05-2024,22:07:55,card,ANON-0000-0000-0206,27.92,Cortado,,,,
01-06-2024,08:27:02,card,ANON-0000-0000-0141,27.92,Cortado,,,,
01-06-2024,09:48:25,card,ANON-0000-0000-0232,37.72,Latte,,,,
01-06-2024,11:38:09,card,ANON-0000-0000-0250,37.72,Latte,,,,
01-06-2024,14:28:54,card,ANON-0000-0000-0097,32.82,Americano with Milk,,,,
01-06-2024,18:20:13,card,ANON-0000-0000-0251,32.82,Americano with Milk,,,,
01-06-2024,18:21:15,card,ANON-0000-0000-0251,32.82,Americano with Milk,,,,
01-06-2024,20:50:10,card,ANON-0000-0000-0154,37.72,Cappuccino,,,,
01-06-2024,20:51:14,card,ANON-0000-0000-0154,37.72,Cappuccino,,,,
01-06-2024,20:54:59,cash,,39,Cocoa,,,,
01-06-2024,20:59:10,card,ANON-0000-0000-0252,37.72,Cocoa,,,,
01-06-2024,21:51:05,card,ANON-0000-0000-0009,32.82,Americano with Milk,,,,
02-06-2024,20:03:26,card,ANON-0000-0000-0009,37.72,Latte,,,,
02-06-2024,20:24:02,card,ANON-0000-0000-0040,32.82,Americano with Milk,,,,
02-06-2024,20:25:07,card,ANON-0000-0000-0040,37.72,Cappuccino,,,,
02-06-2024,21:07:21,card,ANON-0000-0000-0097,32.82,Americano with Milk,,,,
02-06-2024,21:30:12,card,ANON-0000-0000-0253,37.72,Latte,,,,
02-06-2024,22:43:11,cash,,34,Americano with Milk,,,,
03-06-2024,10:12:04,card,ANON-0000-0000-0001,37.72,Latte,,,,
03-06-2024,10:27:50,card,ANON-0000-0000-0191,37.72,Latte,,,,
03-06-2024,14:31:42,card,ANON-0000-0000-0025,37.72,Cappuccino,,,,
03-06-2024,14:33:01,card,ANON-0000-0000-0024,32.82,Americano with Milk,,,,
03-06-2024,14:34:07,card,ANON-0000-0000-0009,37.72,Latte,,,,
03-06-2024,21:42:52,cash,,34,Americano with Milk,,,,
03-06-2024,21:43:37,cash,,34,Americano with Milk,,,,
04-06-2024,09:23:43,card,ANON-0000-0000-0141,27.92,Cortado,,,,
04-06-2024,10:27:14,card,ANON-0000-0000-0097,32.82,Americano with Milk,,,,
04-06-2024,12:02:10,card,ANON-0000-0000-0254,37.72,Latte,,,,
04-06-2024,12:05:29,card,ANON-0000-0000-0254,37.72,Hot Chocolate,,,,
04-06-2024,15:30:32,card,ANON-0000-0000-0255,37.72,Latte,,,,
04-06-2024,17:46:37,card,ANON-0000-0000-0192,27.92,Cortado,,,,
04-06-2024,17:47:29,card,ANON-0000-0000-0192,37.72,Cappuccino,,,,
04-06-2024,20:13:01,card,ANON-0000-0000-0256,37.72,Hot Chocolate,,,,
04-06-2024,20:50:34,card,ANON-0000-0000-0257,37.72,Cappuccino,,,,
04-06-2024,21:31:59,card,ANON-0000-0000-0258,27.92,Cortado,,,,
04-06-2024,21:33:03,card,ANON-0000-0000-0259,32.82,Americano with Milk,,,,
04-06-2024,21:34:56,card,ANON-0000-0000-0260,32.82,Americano with Milk,,,,
04-06-2024,21:36:07,card,ANON-0000-0000-0260,32.82,Americano with Milk,,,,
04-06-2024,21:37:15,card,ANON-0000-0000-0260,32.82,Americano with Milk,,,,
05-06-2024,08:21:49,card,ANON-0000-0000-0261,37.72,Cappuccino,,,,
05-06-2024,08:23:07,card,ANON-0000-0000-0261,37.72,Cappuccino,,,,
05-06-2024,09:22:43,card,ANON-0000-0000-0262,27.92,Americano,,,,
05-06-2024,10:28:51,card,ANON-0000-0000-0001,37.72,Latte,,,,
05-06-2024,10:40:53,card,ANON-0000-0000-0097,32.82,Americano with Milk,,,,
05-06-2024,19:43:58,card,ANON-0000-0000-0263,32.82,Americano with Milk,,,,
05-06-2024,19:59:54,card,ANON-0000-0000-0264,37.72,Latte,,,,
05-06-2024,20:10:48,card,ANON-0000-0000-0220,37.72,Cocoa,,,,
05-06-2024,20:12:02,card,ANON-0000-0000-0220,27.92,Cortado,,,,
06-06-2024,08:52:56,card,ANON-0000-0000-0097,32.82,Americano with Milk,,,,
06-06-2024,08:54:08,card,ANON-0000-0000-0097,32.82,Americano with Milk,,,,
06-06-2024,10:36:10,card,ANON-0000-0000-0001,37.72,Latte,,,,
06-06-2024,12:17:41,card,ANON-0000-0000-0265,27.92,Americano,,,,
06-06-2024,15:11:14,card,ANON-0000-0000-0224,32.82,Americano with Milk,,,,
06-06-2024,15:24:06,card,ANON-0000-0000-0266,37.72,Cappuccino,,,,
06-06-2024,21:14:05,card,ANON-0000-0000-0267,37.72,Latte,,,,
06-06-2024,21:15:42,card,ANON-0000-0000-0267,37.72,Latte,,,,
06-06-2024,21:18:27,card,ANON-0000-0000-0206,37.72,Cappuccino,,,,
06-06-2024,21:19:30,card,ANON-0000-0000-0206,32.82,Americano with Milk,,,,
06-06-2024,21:21:04,card,ANON-0000-0000-0267,37.72,Latte,,,,
07-06-2024,08:18:04,card,ANON-0000-0000-0268,37.72,Cappuccino,,,,
07-06-2024,10:35:28,card,ANON-0000-0000-0269,23.02,Espresso,,,,
07-06-2024,13:34:18,card,ANON-0000-0000-0164,32.82,Americano with Milk,,,,
07-06-2024,16:45:42,card,ANON-0000-0000-0270,27.92,Cortado,,,,
07-06-2024,16:47:15,card,ANON-0000-0000-0270,27.92,Cortado,,,,
08-06-2024,09:04:20,card,ANON-0000-0000-0271,27.92,Cortado,,,,
08-06-2024,09:26:11,card,ANON-0000-0000-0097,32.82,Americano with Milk,,,,
08-06-2024,20:24:54,card,ANON-0000-0000-0134,37.72,Cappuccino,,,,
08-06-2024,20:25:56,card,ANON-0000-0000-0134,37.72,Cappuccino,,,,
09-06-2024,08:15:53,card,ANON-0000-0000-0097,37.72,Latte,,,,
09-06-2024,10:30:04,card,ANON-0000-0000-0272,37.72,Latte,,,,
09-06-2024,10:52:06,card,ANON-0000-0000-0273,37.72,Cappuccino,,,,
09-06-2024,11:04:41,card,ANON-0000-0000-0141,27.92,Cortado,,,,
09-06-2024,11:07:08,card,ANON-0000-0000-0274,23.02,Espresso,,,,
09-06-2024,11:52:50,card,ANON-0000-0000-0275,37.72,Cappuccino,,,,
09-06-2024,12:11:24,card,ANON-0000-0000-0276,32.82,Americano with Milk,,,,
09-06-2024,12:13:08,card,ANON-0000-0000-0276,37.72,Latte,,,,
09-06-2024,12:14:11,card,ANON-0000-0000-0276,37.72,Latte,,,,
09-06-2024,15:10:31,card,ANON-0000-0000-0277,27.92,Cortado,,,,
09-06-2024,16:17:28,card,ANON-0000-0000-0278,37.72,Cappuccino,,,,
09-06-2024,19:21:19,card,ANON-0000-0000-0279,32.82,Americano with Milk,,,,
09-06-2024,21:05:09,card,ANON-0000-0000-0280,27.92,Americano,,,,
10-06-2024,12:47:50,card,ANON-0000-0000-0281,37.72,Cappuccino,,,,
10-06-2024,12:56:48,card,ANON-0000-0000-0097,37.72,Latte,,,,
10-06-2024,19:04:28,card,ANON-0000-0000-0282,37.72,Hot Chocolate,,,,
10-06-2024,19:05:23,card,ANON-0000-0000-0282,37.72,Hot Chocolate,,,,
10-06-2024,19:37:24,card,ANON-0000-0000-0283,37.72,Latte,,,,
10-06-2024,19:38:20,card,ANON-0000-0000-0283,37.72,Latte,,,,
11-06-2024,10:38:04,card,ANON-0000-0000-0284,32.82,Americano with Milk,,,,
11-06-2024,18:48:25,card,ANON-0000-0000-0285,37.72,Latte,,,,
11-06-2024,18:49:36,card,ANON-0000-0000-0285,37.72,Latte,,,,
11-06-2024,21:17:03,card,ANON-0000-0000-0286,37.72,Hot Chocolate,,,,
11-06-2024,21:27:42,card,ANON-0000-0000-0287,32.82,Americano with Milk,,,,
11-06-2024,21:28:50,card,ANON-0000-0000-0287,32.82,Americano with Milk,,,,
12-06-2024,10:18:19,card,ANON-0000-0000-0288,37.72,Hot Chocolate,,,,
12-06-2024,11:51:44,card,ANON-0000-0000-0289,37.72,Cappuccino,,,,
12-06-2024,17:41:17,card,ANON-0000-0000-0283,37.72,Latte,,,,
12-06-2024,17:47:28,card,ANON-0000-0000-0290,37.72,Latte,,,,
12-06-2024,20:16:34,card,ANON-0000-0000-0256,37.72,Hot Chocolate,,,,
12-06-2024,20:25:34,card,ANON-0000-0000-0291,32.82,Americano with Milk,,,,
13-06-2024,08:54:24,card,ANON-0000-0000-0292,27.92,Americano,,,,
13-06-2024,08:57:26,card,ANON-0000-0000-0097,37.72,Latte,,,,
13-06-2024,09:50:25,card,ANON-0000-0000-0293,32.82,Americano with Milk,,,,
13-06-2024,09:57:12,card,ANON-0000-0000-0141,27.92,Cortado,,,,
13-06-2024,17:04:59,card,ANON-0000-0000-0294,32.82,Americano with Milk,,,,
13-06-2024,17:27:47,card,ANON-0000-0000-0295,37.72,Hot Chocolate,,,,
13-06-2024,19:22:19,card,ANON-0000-0000-0296,37.72,Latte,,,,
13-06-2024,20:20:52,card,ANON-0000-0000-0012,32.82,Americano with Milk,,,,
13-06-2024,20:43:46,card,ANON-0000-0000-0012,23.02,Espresso,,,,
13-06-2024,20:45:01,card,ANON-0000-0000-0295,23.02,Espresso,,,,
13-06-2024,20:48:18,card,ANON-0000-0000-0009,32.82,Americano with Milk,,,,
13-06-2024,21:02:28,card,ANON-0000-0000-0009,32.82,Americano with Milk,,,,
14-06-2024,07:46:13,card,ANON-0000-0000-0141,27.92,Cortado,,,,
14-06-2024,10:30:32,card,ANON-0000-0000-0297,27.92,Americano,,,,
14-06-2024,12:14:42,card,ANON-0000-0000-0097,37.72,Latte,,,,
14-06-2024,18:29:53,card,ANON-0000-0000-0298,32.82,Americano with Milk,,,,
15-06-2024,11:26:02,card,ANON-0000-0000-0299,37.72,Cappuccino,,,,
15-06-2024,12:21:28,card,ANON-0000-0000-0300,37.72,Latte,,,,
15-06-2024,12:22:47,card,ANON-0000-0000-0300,32.82,Americano with Milk,,,,
15-06-2024,12:23:52,card,ANON-0000-0000-0300,23.02,Espresso,,,,
15-06-2024,12:24:35,card,ANON-0000-0000-0300,37.72,Cocoa,,,,
15-06-2024,12:25:24,card,ANON-0000-0000-0300,32.82,Americano with Milk,,,,
15-06-2024,16:03:30,card,ANON-0000-0000-0301,32.82,Americano with Milk,,,,
15-06-2024,18:14:05,card,ANON-0000-0000-0302,27.92,Americano,,,,
16-06-2024,10:43:51,card,ANON-0000-0000-0059,32.82,Americano with Milk,,,,
16-06-2024,10:58:41,card,ANON-0000-0000-0303,37.72,Latte,,,,
16-06-2024,11:00:38,card,ANON-0000-0000-0303,37.72,Hot Chocolate,,,,
16-06-2024,11:01:41,card,ANON-0000-0000-0303,37.72,Hot Chocolate,,,,
16-06-2024,12:49:28,card,ANON-0000-0000-0276,32.82,Americano with Milk,,,,
16-06-2024,14:00:39,card,ANON-0000-0000-0274,23.02,Espresso,,,,
16-06-2024,15:02:36,card,ANON-0000-0000-0304,32.82,Americano with Milk,,,,
16-06-2024,15:05:10,card,ANON-0000-0000-0304,32.82,Americano with Milk,,,,
16-06-2024,15:44:00,card,ANON-0000-0000-0305,37.72,Hot Chocolate,,,,
16-06-2024,16:47:37,card,ANON-0000-0000-0306,37.72,Hot Chocolate,,,,
16-06-2024,17:45:17,card,ANON-0000-0000-0059,32.82,Americano with Milk,,,,
16-06-2024,17:46:17,card,ANON-0000-0000-0059,32.82,Americano with Milk,,,,
17-06-2024,08:57:24,card,ANON-0000-0000-0307,27.92,Americano,,,,
17-06-2024,10:12:05,card,ANON-0000-0000-0308,27.92,Cortado,,,,
17-06-2024,10:13:38,card,ANON-0000-0000-0308,27.92,Cortado,,,,
17-06-2024,10:55:52,card,ANON-0000-0000-0042,37.72,Cappuccino,,,,
17-06-2024,14:51:35,card,ANON-0000-0000-0164,37.72,Cappuccino,,,,
17-06-2024,16:50:13,card,ANON-0000-0000-0012,37.72,Cappuccino,,,,
17-06-2024,16:51:11,card,ANON-0000-0000-0012,37.72,Cappuccino,,,,
17-06-2024,16:52:36,card,ANON-0000-0000-0012,27.92,Americano,,,,
17-06-2024,18:51:20,card,ANON-0000-0000-0309,27.92,Americano,,,,
17-06-2024,21:16:11,card,ANON-0000-0000-0009,32.82,Americano with Milk,,,,
18-06-2024,14:04:06,card,ANON-0000-0000-0299,27.92,Americano,,,,
18-06-2024,14:05:12,card,ANON-0000-0000-0299,37.72,Cappuccino,,,,
18-06-2024,19:20:41,card,ANON-0000-0000-0154,37.72,Cappuccino,,,,
18-06-2024,19:21:39,card,ANON-0000-0000-0154,37.72,Cappuccino,,,,
18-06-2024,20:35:49,card,ANON-0000-0000-0310,27.92,Cortado,,,,
18-06-2024,21:20:50,card,ANON-0000-0000-0012,32.82,Americano with Milk,,,,
18-06-2024,21:22:19,card,ANON-0000-0000-0012,32.82,Americano with Milk,,,,
19-06-2024,07:47:20,card,ANON-0000-0000-0311,37.72,Latte,,,,
19-06-2024,08:17:55,card,ANON-0000-0000-0141,27.92,Cortado,,,,
19-06-2024,10:54:00,card,ANON-0000-0000-0312,27.92,Americano,,,,
19-06-2024,11:11:28,card,ANON-0000-0000-0313,37.72,Latte,,,,
19-06-2024,11:12:31,card,ANON-0000-0000-0313,37.72,Cocoa,,,,
19-06-2024,14:21:36,card,ANON-0000-0000-0164,32.82,Americano with Milk,,,,
19-06-2024,18:28:43,card,ANON-0000-0000-0153,37.72,Cappuccino,,,,
19-06-2024,18:29:59,card,ANON-0000-0000-0153,37.72,Latte,,,,
19-06-2024,19:31:31,card,ANON-0000-0000-0009,32.82,Americano with Milk,,,,
19-06-2024,21:28:59,card,ANON-0000-0000-0192,37.72,Cappuccino,,,,
19-06-2024,21:30:03,card,ANON-0000-0000-0192,32.82,Americano with Milk,,,,
20-06-2024,10:50:06,card,ANON-0000-0000-0097,37.72,Latte,,,,
20-06-2024,18:59:02,card,ANON-0000-0000-0314,37.72,Latte,,,,
20-06-2024,19:00:00,card,ANON-0000-0000-0314,37.72,Latte,,,,
20-06-2024,21:39:10,card,ANON-0000-0000-0257,37.72,Latte,,,,
20-06-2024,21:57:41,card,ANON-0000-0000-0009,37.72,Latte,,,,
20-06-2024,21:59:18,card,ANON-0000-0000-0009,32.82,Americano with Milk,,,,
21-06-2024,09:59:56,card,ANON-0000-0000-0311,37.72,Latte,,,,
21-06-2024,10:01:40,card,ANON-0000-0000-0315,27.92,Americano,,,,
21-06-2024,13:19:19,card,ANON-0000-0000-0012,32.82,Americano with Milk,,,,
21-06-2024,13:20:32,card,ANON-0000-0000-0012,32.82,Americano with Milk,,,,
21-06-2024,18:12:16,card,ANON-0000-0000-0316,23.02,Espresso,,,,
21-06-2024,19:30:27,card,ANON-0000-0000-0009,37.72,Latte,,,,
21-06-2024,19:47:06,card,ANON-0000-0000-0154,37.72,Cappuccino,,,,
21-06-2024,19:48:07,card,ANON-0000-0000-0154,37.72,Cappuccino,,,,
21-06-2024,19:49:55,card,ANON-0000-0000-0180,37.72,Cappuccino,,,,
21-06-2024,19:51:00,card,ANON-0000-0000-0180,37.72,Cappuccino,,,,
21-06-2024,19:52:19,card,ANON-0000-0000-0180,27.92,Americano,,,,
21-06-2024,19:55:37,card,ANON-0000-0000-0311,32.82,Americano with Milk,,,,
22-06-2024,08:39:50,card,ANON-0000-0000-0141,27.92,Cortado,,,,
22-06-2024,09:37:49,card,ANON-0000-0000-0311,32.82,Americano with Milk,,,,
22-06-2024,12:53:16,card,ANON-0000-0000-0317,32.82,Americano with Milk,,,,
22-06-2024,15:37:20,card,ANON-0000-0000-0009,37.72,Latte,,,,
22-06-2024,22:10:23,card,ANON-0000-0000-0318,37.72,Cappuccino,,,,
23-06-2024,18:12:01,card,ANON-0000-0000-0012,32.82,Americano with Milk,,,,
23-06-2024,18:13:51,card,ANON-0000-0000-0012,32.82,Americano with Milk,,,,
23-06-2024,21:06:47,card,ANON-0000-0000-0319,37.72,Cappuccino,,,,
23-06-2024,21:29:08,card,ANON-0000-0000-0320,37.72,Latte,,,,
23-06-2024,21:30:36,card,ANON-0000-0000-0320,37.72,Cappuccino,,,,
24-06-2024,11:44:40,card,ANON-0000-0000-0164,32.82,Americano with Milk,,,,
24-06-2024,11:49:36,card,ANON-0000-0000-0180,37.72,Cappuccino,,,,
24-06-2024,11:50:44,card,ANON-0000-0000-0180,37.72,Cappuccino,,,,
24-06-2024,15:02:29,card,ANON-0000-0000-0321,37.72,Latte,,,,
24-06-2024,16:46:01,card,ANON-0000-0000-0203,37.72,Cappuccino,,,,
24-06-2024,16:47:00,card,ANON-0000-0000-0203,37.72,Cappuccino,,,,
25-06-2024,08:19:24,card,ANON-0000-0000-0322,37.72,Latte,,,,
25-06-2024,10:28:26,card,ANON-0000-0000-0012,32.82,Americano with Milk,,,,
25-06-2024,10:29:42,card,ANON-0000-0000-0040,32.82,Americano with Milk,,,,
25-06-2024,11:34:52,card,ANON-0000-0000-0203,37.72,Cappuccino,,,,
26-06-2024,09:33:02,card,ANON-0000-0000-0323,37.72,Latte,,,,
26-06-2024,16:32:29,card,ANON-0000-0000-0324,23.02,Espresso,,,,
26-06-2024,16:34:02,card,ANON-0000-0000-0325,27.92,Americano,,,,
26-06-2024,21:21:53,card,ANON-0000-0000-0009,37.72,Latte,,,,
26-06-2024,21:27:01,card,ANON-0000-0000-0009,37.72,Cappuccino,,,,
26-06-2024,21:28:15,card,ANON-0000-0000-0206,32.82,Americano with Milk,,,,
27-06-2024,09:15:43,card,ANON-0000-0000-0326,32.82,Americano with Milk,,,,
27-06-2024,16:11:48,card,ANON-0000-0000-0327,27.92,Cortado,,,,
27-06-2024,21:44:03,card,ANON-0000-0000-0328,32.82,Americano with Milk,,,,
27-06-2024,21:50:32,card,ANON-0000-0000-0329,37.72,Cappuccino,,,,
28-06-2024,08:08:35,card,ANON-0000-0000-0141,27.92,Cortado,,,,
28-06-2024,17:51:54,card,ANON-0000-0000-0274,23.02,Espresso,,,,
28-06-2024,21:50:55,card,ANON-0000-0000-0330,32.82,Americano with Milk,,,,
28-06-2024,21:52:02,card,ANON-0000-0000-0331,37.72,Latte,,,,
28-06-2024,22:28:20,card,ANON-0000-0000-0332,37.72,Cappuccino,,,,
29-06-2024,09:47:10,card,ANON-0000-0000-0097,32.82,Americano with Milk,,,,
29-06-2024,11:40:20,card,ANON-0000-0000-0333,32.82,Americano with Milk,,,,
29-06-2024,11:41:27,card,ANON-0000-0000-0333,32.82,Americano with Milk,,,,
29-06-2024,12:30:24,card,ANON-0000-0000-0334,37.72,Cappuccino,,,,
29-06-2024,12:31:43,card,ANON-0000-0000-0334,37.72,Cappuccino,,,,
29-06-2024,17:23:44,card,ANON-0000-0000-0335,37.72,Cappuccino,,,,
29-06-2024,17:24:52,card,ANON-0000-0000-0335,37.72,Hot Chocolate,,,,
29-06-2024,21:27:22,card,ANON-0000-0000-0009,37.72,Latte,,,,
30-06-2024,10:28:10,card,ANON-0000-0000-0336,37.72,Latte,,,,
30-06-2024,13:05:51,card,ANON-0000-0000-0337,23.02,Espresso,,,,
30-06-2024,16:54:42,card,ANON-0000-0000-0009,37.72,Hot Chocolate,,,,
30-06-2024,21:04:10,card,ANON-0000-0000-0097,32.82,Americano with Milk,,,,
